,company
Honda,31
Nationwide,20
Grange Insurance,12
CoverMyMeds,11
The Ohio State University,10
Alliance Data Systems,5
Huntington Bank,5
Ohio Education Research Center,5
City of Westerville,4
10in6 Inc,3
HMS,3
VSP One,2
OCCRRA,2
Ameren,2
American Chemical Society,2
"Michigan State University, University Advancement",2
L Brands,2
Kenyon College,2
CMM,2
Columbus Metropolitan Library,2
Lane Bryant,2
Northcentral University,2
Syracuse University,2
Xyngular,2
Nationwide Financial,1
Postali,1
Nationwide Retirement Solutions,1
University of Cincinnati,1
Veeva,1
Crowe LLP,1
The Nature Conservancy,1
Solana,1
OhioHealth,1
1992,1
1973,1
Beam Dental,1
EY,1
Illuminology,1
The Philadelphia Inquirer,1
Franklin University,1
Intuit,1
TextNow,1
Ohio Department of Developmental Disabiltiies,1
United States Olympic & Paralympic Committee,1
DCS International Ltd,1
Northwestern University,1
Pain Management Group,1
Domino's,1
TED Conferences,1
University of Illinois @ Chicago,1
Citadel FCU,1
SCJ,1
Cincinnati Childrens Hospital Medical Center,1
Mohawk College,1
Coalition on Homelessness and Housing in Ohio,1
Mike Albert Fleet Leasing,1
UT Dallas,1
ai-datascience.com,1
ZoCo Design,1
Diamond Hill Capital Management,1
SunTrust Banks,1
KeyBank,1
Advocate Radiology,1
